{ 
    "status" : "200",
    "voters" : [
        {
            "voter_number" : "020342357",
            "voter_status" : "active",
            "date_registered" : "2007-08-20",
            "last_name" : "Garcia",
            "first_name" : "Juan",
            "street_address" : "123 Main Street",
            "city" : "Charlottesville",
            "state" : "VA",
            "zip" : "22902",
            "locality" : "ALBEMARLE COUNTY",
            "precinct" : "405-CALE",
            "precinct_id" : "0405"
        },
        {
            "voter_number" : "020342357",
            "voter_status" : "active",
            "date_registered" : "2007-08-20",
            "last_name" : "Voter2",
            "first_name" : "Voter1",
            "street_address" : "123 Main Street",
            "city" : "Charlottesville",
            "state" : "VA",
            "zip" : "22902",
            "locality" : "ALBEMARLE COUNTY",
            "precinct" : "405-CALE",
            "precinct_id" : "0405"
        },
        {
            "voter_number" : "020342357",
            "voter_status" : "active",
            "date_registered" : "2007-08-20",
            "last_name" : "Garcidsda",
            "first_name" : "Juanlosa",
            "street_address" : "123 Main Street",
            "city" : "Charlottesville",
            "state" : "VA",
            "zip" : "22902",
            "locality" : "ALBEMARLE COUNTY",
            "precinct" : "405-CALE",
            "precinct_id" : "0405"
        },
        {
            "voter_number" : "020342357",
            "voter_status" : "active",
            "date_registered" : "2007-08-20",
            "last_name" : "Garciawr",
            "first_name" : "Juangf",
            "street_address" : "123 Main Street",
            "city" : "Charlottesville",
            "state" : "VA",
            "zip" : "22902",
            "locality" : "ALBEMARLE COUNTY",
            "precinct" : "405-CALE",
            "precinct_id" : "0405"
        },
        {
            "voter_number" : "020342357",
            "voter_status" : "active",
            "date_registered" : "2007-08-20",
            "last_name" : "Garciarwe",
            "first_name" : "Juancdsds",
            "street_address" : "123 Main Street",
            "city" : "Charlottesville",
            "state" : "VA",
            "zip" : "22902",
            "locality" : "ALBEMARLE COUNTY",
            "precinct" : "405-CALE",
            "precinct_id" : "0405"
            
        }
    ]
}